pipeline,consumer,round,order,label,reported_consumer,iters,vlenb,elapsed_ns,checksum,correctness
default,extract,1,1,baseline,extract,1000000,32,17517166,2064199019542126336,PASS
default,extract,1,2,candidate12,extract,1000000,32,16562833,2064199019542126336,PASS
default,extract,2,1,candidate12,extract,1000000,32,16520833,2064199019542126336,PASS
default,extract,2,2,baseline,extract,1000000,32,17603084,2064199019542126336,PASS
default,extract,3,1,baseline,extract,1000000,32,17578042,2064199019542126336,PASS
default,extract,3,2,candidate12,extract,1000000,32,16587833,2064199019542126336,PASS
default,extract,4,1,candidate12,extract,1000000,32,16696458,2064199019542126336,PASS
default,extract,4,2,baseline,extract,1000000,32,17614375,2064199019542126336,PASS
default,extract,5,1,baseline,extract,1000000,32,17578333,2064199019542126336,PASS
default,extract,5,2,candidate12,extract,1000000,32,16568125,2064199019542126336,PASS
default,extract,6,1,candidate12,extract,1000000,32,16562416,2064199019542126336,PASS
default,extract,6,2,baseline,extract,1000000,32,17564000,2064199019542126336,PASS
default,extract,7,1,baseline,extract,1000000,32,17485375,2064199019542126336,PASS
default,extract,7,2,candidate12,extract,1000000,32,16533292,2064199019542126336,PASS
default,extract,8,1,candidate12,extract,1000000,32,16609584,2064199019542126336,PASS
default,extract,8,2,baseline,extract,1000000,32,17431167,2064199019542126336,PASS
default,extract,9,1,baseline,extract,1000000,32,17593167,2064199019542126336,PASS
default,extract,9,2,candidate12,extract,1000000,32,16596750,2064199019542126336,PASS
default,extract,10,1,candidate12,extract,1000000,32,16587125,2064199019542126336,PASS
default,extract,10,2,baseline,extract,1000000,32,17563166,2064199019542126336,PASS
default,extract,11,1,baseline,extract,1000000,32,17555875,2064199019542126336,PASS
default,extract,11,2,candidate12,extract,1000000,32,16576792,2064199019542126336,PASS
default,extract,12,1,candidate12,extract,1000000,32,16593167,2064199019542126336,PASS
default,extract,12,2,baseline,extract,1000000,32,17673834,2064199019542126336,PASS
default,extract,13,1,baseline,extract,1000000,32,17547584,2064199019542126336,PASS
default,extract,13,2,candidate12,extract,1000000,32,16692084,2064199019542126336,PASS
default,extract,14,1,candidate12,extract,1000000,32,16552416,2064199019542126336,PASS
default,extract,14,2,baseline,extract,1000000,32,17565291,2064199019542126336,PASS
default,extract,15,1,baseline,extract,1000000,32,17536792,2064199019542126336,PASS
default,extract,15,2,candidate12,extract,1000000,32,16622500,2064199019542126336,PASS
default,extract,16,1,candidate12,extract,1000000,32,16651125,2064199019542126336,PASS
default,extract,16,2,baseline,extract,1000000,32,17601042,2064199019542126336,PASS
default,extract,17,1,baseline,extract,1000000,32,17615625,2064199019542126336,PASS
default,extract,17,2,candidate12,extract,1000000,32,16570708,2064199019542126336,PASS
default,extract,18,1,candidate12,extract,1000000,32,18783792,2064199019542126336,PASS
default,extract,18,2,baseline,extract,1000000,32,17385042,2064199019542126336,PASS
default,extract,19,1,baseline,extract,1000000,32,17559709,2064199019542126336,PASS
default,extract,19,2,candidate12,extract,1000000,32,16653333,2064199019542126336,PASS
default,extract,20,1,candidate12,extract,1000000,32,16605875,2064199019542126336,PASS
default,extract,20,2,baseline,extract,1000000,32,17564750,2064199019542126336,PASS
default,extract,21,1,baseline,extract,1000000,32,17669417,2064199019542126336,PASS
default,extract,21,2,candidate12,extract,1000000,32,16550291,2064199019542126336,PASS
default,extract,22,1,candidate12,extract,1000000,32,16560542,2064199019542126336,PASS
default,extract,22,2,baseline,extract,1000000,32,17618375,2064199019542126336,PASS
default,extract,23,1,baseline,extract,1000000,32,17596375,2064199019542126336,PASS
default,extract,23,2,candidate12,extract,1000000,32,16560083,2064199019542126336,PASS
default,extract,24,1,candidate12,extract,1000000,32,16709458,2064199019542126336,PASS
default,extract,24,2,baseline,extract,1000000,32,17458042,2064199019542126336,PASS
default,extract,25,1,baseline,extract,1000000,32,17424666,2064199019542126336,PASS
default,extract,25,2,candidate12,extract,1000000,32,16527250,2064199019542126336,PASS
default,extract,26,1,candidate12,extract,1000000,32,16690667,2064199019542126336,PASS
default,extract,26,2,baseline,extract,1000000,32,17545666,2064199019542126336,PASS
default,extract,27,1,baseline,extract,1000000,32,17655375,2064199019542126336,PASS
default,extract,27,2,candidate12,extract,1000000,32,16583708,2064199019542126336,PASS
default,extract,28,1,candidate12,extract,1000000,32,16599166,2064199019542126336,PASS
default,extract,28,2,baseline,extract,1000000,32,17600583,2064199019542126336,PASS
default,extract,29,1,baseline,extract,1000000,32,17482042,2064199019542126336,PASS
default,extract,29,2,candidate12,extract,1000000,32,16530667,2064199019542126336,PASS
default,extract,30,1,candidate12,extract,1000000,32,16590750,2064199019542126336,PASS
default,extract,30,2,baseline,extract,1000000,32,17625167,2064199019542126336,PASS
default,copy,1,1,baseline,copy,1000000,32,25233292,17858356788496716672,PASS
default,copy,1,2,candidate12,copy,1000000,32,25516084,17858356788496716672,PASS
default,copy,2,1,candidate12,copy,1000000,32,25509792,17858356788496716672,PASS
default,copy,2,2,baseline,copy,1000000,32,25322250,17858356788496716672,PASS
default,copy,3,1,baseline,copy,1000000,32,25369708,17858356788496716672,PASS
default,copy,3,2,candidate12,copy,1000000,32,25543166,17858356788496716672,PASS
default,copy,4,1,candidate12,copy,1000000,32,25533125,17858356788496716672,PASS
default,copy,4,2,baseline,copy,1000000,32,25345000,17858356788496716672,PASS
default,copy,5,1,baseline,copy,1000000,32,25353167,17858356788496716672,PASS
default,copy,5,2,candidate12,copy,1000000,32,25486000,17858356788496716672,PASS
default,copy,6,1,candidate12,copy,1000000,32,25517042,17858356788496716672,PASS
default,copy,6,2,baseline,copy,1000000,32,25360292,17858356788496716672,PASS
default,copy,7,1,baseline,copy,1000000,32,25371125,17858356788496716672,PASS
default,copy,7,2,candidate12,copy,1000000,32,25364959,17858356788496716672,PASS
default,copy,8,1,candidate12,copy,1000000,32,25389875,17858356788496716672,PASS
default,copy,8,2,baseline,copy,1000000,32,25386000,17858356788496716672,PASS
default,copy,9,1,baseline,copy,1000000,32,25382833,17858356788496716672,PASS
default,copy,9,2,candidate12,copy,1000000,32,25529875,17858356788496716672,PASS
default,copy,10,1,candidate12,copy,1000000,32,25418250,17858356788496716672,PASS
default,copy,10,2,baseline,copy,1000000,32,25254041,17858356788496716672,PASS
default,copy,11,1,baseline,copy,1000000,32,25381291,17858356788496716672,PASS
default,copy,11,2,candidate12,copy,1000000,32,25502500,17858356788496716672,PASS
default,copy,12,1,candidate12,copy,1000000,32,26137959,17858356788496716672,PASS
default,copy,12,2,baseline,copy,1000000,32,25319959,17858356788496716672,PASS
default,copy,13,1,baseline,copy,1000000,32,25402584,17858356788496716672,PASS
default,copy,13,2,candidate12,copy,1000000,32,25484709,17858356788496716672,PASS
default,copy,14,1,candidate12,copy,1000000,32,25515875,17858356788496716672,PASS
default,copy,14,2,baseline,copy,1000000,32,25321916,17858356788496716672,PASS
default,copy,15,1,baseline,copy,1000000,32,25375083,17858356788496716672,PASS
default,copy,15,2,candidate12,copy,1000000,32,25527292,17858356788496716672,PASS
default,copy,16,1,candidate12,copy,1000000,32,25508083,17858356788496716672,PASS
default,copy,16,2,baseline,copy,1000000,32,25489417,17858356788496716672,PASS
default,copy,17,1,baseline,copy,1000000,32,25345792,17858356788496716672,PASS
default,copy,17,2,candidate12,copy,1000000,32,25470333,17858356788496716672,PASS
default,copy,18,1,candidate12,copy,1000000,32,25510083,17858356788496716672,PASS
default,copy,18,2,baseline,copy,1000000,32,25231291,17858356788496716672,PASS
default,copy,19,1,baseline,copy,1000000,32,25314958,17858356788496716672,PASS
default,copy,19,2,candidate12,copy,1000000,32,25476458,17858356788496716672,PASS
default,copy,20,1,candidate12,copy,1000000,32,25482250,17858356788496716672,PASS
default,copy,20,2,baseline,copy,1000000,32,25366000,17858356788496716672,PASS
default,copy,21,1,baseline,copy,1000000,32,25324125,17858356788496716672,PASS
default,copy,21,2,candidate12,copy,1000000,32,25508458,17858356788496716672,PASS
default,copy,22,1,candidate12,copy,1000000,32,25527959,17858356788496716672,PASS
default,copy,22,2,baseline,copy,1000000,32,25272167,17858356788496716672,PASS
default,copy,23,1,baseline,copy,1000000,32,25332584,17858356788496716672,PASS
default,copy,23,2,candidate12,copy,1000000,32,25490000,17858356788496716672,PASS
default,copy,24,1,candidate12,copy,1000000,32,25473917,17858356788496716672,PASS
default,copy,24,2,baseline,copy,1000000,32,25377167,17858356788496716672,PASS
default,copy,25,1,baseline,copy,1000000,32,25358416,17858356788496716672,PASS
default,copy,25,2,candidate12,copy,1000000,32,25503208,17858356788496716672,PASS
default,copy,26,1,candidate12,copy,1000000,32,25477125,17858356788496716672,PASS
default,copy,26,2,baseline,copy,1000000,32,25363750,17858356788496716672,PASS
default,copy,27,1,baseline,copy,1000000,32,25365417,17858356788496716672,PASS
default,copy,27,2,candidate12,copy,1000000,32,25390417,17858356788496716672,PASS
default,copy,28,1,candidate12,copy,1000000,32,25420208,17858356788496716672,PASS
default,copy,28,2,baseline,copy,1000000,32,25315833,17858356788496716672,PASS
default,copy,29,1,baseline,copy,1000000,32,25298083,17858356788496716672,PASS
default,copy,29,2,candidate12,copy,1000000,32,25560458,17858356788496716672,PASS
default,copy,30,1,candidate12,copy,1000000,32,25492166,17858356788496716672,PASS
default,copy,30,2,baseline,copy,1000000,32,25333458,17858356788496716672,PASS
controlled,extract,1,1,baseline,extract,1000000,32,17578250,2064199019542126336,PASS
controlled,extract,1,2,candidate12,extract,1000000,32,17545375,2064199019542126336,PASS
controlled,extract,2,1,candidate12,extract,1000000,32,17507250,2064199019542126336,PASS
controlled,extract,2,2,baseline,extract,1000000,32,17561042,2064199019542126336,PASS
controlled,extract,3,1,baseline,extract,1000000,32,17559417,2064199019542126336,PASS
controlled,extract,3,2,candidate12,extract,1000000,32,17248625,2064199019542126336,PASS
controlled,extract,4,1,candidate12,extract,1000000,32,17530208,2064199019542126336,PASS
controlled,extract,4,2,baseline,extract,1000000,32,17482625,2064199019542126336,PASS
controlled,extract,5,1,baseline,extract,1000000,32,19080334,2064199019542126336,PASS
controlled,extract,5,2,candidate12,extract,1000000,32,17267042,2064199019542126336,PASS
controlled,extract,6,1,candidate12,extract,1000000,32,17260417,2064199019542126336,PASS
controlled,extract,6,2,baseline,extract,1000000,32,17544291,2064199019542126336,PASS
controlled,extract,7,1,baseline,extract,1000000,32,17547541,2064199019542126336,PASS
controlled,extract,7,2,candidate12,extract,1000000,32,17584000,2064199019542126336,PASS
controlled,extract,8,1,candidate12,extract,1000000,32,17520708,2064199019542126336,PASS
controlled,extract,8,2,baseline,extract,1000000,32,17548833,2064199019542126336,PASS
controlled,extract,9,1,baseline,extract,1000000,32,17516666,2064199019542126336,PASS
controlled,extract,9,2,candidate12,extract,1000000,32,17159750,2064199019542126336,PASS
controlled,extract,10,1,candidate12,extract,1000000,32,17547125,2064199019542126336,PASS
controlled,extract,10,2,baseline,extract,1000000,32,17539042,2064199019542126336,PASS
controlled,extract,11,1,baseline,extract,1000000,32,17453459,2064199019542126336,PASS
controlled,extract,11,2,candidate12,extract,1000000,32,17542792,2064199019542126336,PASS
controlled,extract,12,1,candidate12,extract,1000000,32,17515916,2064199019542126336,PASS
controlled,extract,12,2,baseline,extract,1000000,32,17624292,2064199019542126336,PASS
controlled,extract,13,1,baseline,extract,1000000,32,17429167,2064199019542126336,PASS
controlled,extract,13,2,candidate12,extract,1000000,32,17612750,2064199019542126336,PASS
controlled,extract,14,1,candidate12,extract,1000000,32,17503500,2064199019542126336,PASS
controlled,extract,14,2,baseline,extract,1000000,32,17548458,2064199019542126336,PASS
controlled,extract,15,1,baseline,extract,1000000,32,17594083,2064199019542126336,PASS
controlled,extract,15,2,candidate12,extract,1000000,32,17217541,2064199019542126336,PASS
controlled,extract,16,1,candidate12,extract,1000000,32,17694334,2064199019542126336,PASS
controlled,extract,16,2,baseline,extract,1000000,32,17554791,2064199019542126336,PASS
controlled,extract,17,1,baseline,extract,1000000,32,17485834,2064199019542126336,PASS
controlled,extract,17,2,candidate12,extract,1000000,32,17495833,2064199019542126336,PASS
controlled,extract,18,1,candidate12,extract,1000000,32,17565083,2064199019542126336,PASS
controlled,extract,18,2,baseline,extract,1000000,32,17577166,2064199019542126336,PASS
controlled,extract,19,1,baseline,extract,1000000,32,17584125,2064199019542126336,PASS
controlled,extract,19,2,candidate12,extract,1000000,32,17530083,2064199019542126336,PASS
controlled,extract,20,1,candidate12,extract,1000000,32,17563291,2064199019542126336,PASS
controlled,extract,20,2,baseline,extract,1000000,32,17445000,2064199019542126336,PASS
controlled,extract,21,1,baseline,extract,1000000,32,17566167,2064199019542126336,PASS
controlled,extract,21,2,candidate12,extract,1000000,32,17515791,2064199019542126336,PASS
controlled,extract,22,1,candidate12,extract,1000000,32,17535916,2064199019542126336,PASS
controlled,extract,22,2,baseline,extract,1000000,32,17490292,2064199019542126336,PASS
controlled,extract,23,1,baseline,extract,1000000,32,17593375,2064199019542126336,PASS
controlled,extract,23,2,candidate12,extract,1000000,32,17467834,2064199019542126336,PASS
controlled,extract,24,1,candidate12,extract,1000000,32,17189458,2064199019542126336,PASS
controlled,extract,24,2,baseline,extract,1000000,32,17594333,2064199019542126336,PASS
controlled,extract,25,1,baseline,extract,1000000,32,17426125,2064199019542126336,PASS
controlled,extract,25,2,candidate12,extract,1000000,32,17551209,2064199019542126336,PASS
controlled,extract,26,1,candidate12,extract,1000000,32,17539625,2064199019542126336,PASS
controlled,extract,26,2,baseline,extract,1000000,32,17560000,2064199019542126336,PASS
controlled,extract,27,1,baseline,extract,1000000,32,17408500,2064199019542126336,PASS
controlled,extract,27,2,candidate12,extract,1000000,32,17482375,2064199019542126336,PASS
controlled,extract,28,1,candidate12,extract,1000000,32,17164625,2064199019542126336,PASS
controlled,extract,28,2,baseline,extract,1000000,32,17540667,2064199019542126336,PASS
controlled,extract,29,1,baseline,extract,1000000,32,17616791,2064199019542126336,PASS
controlled,extract,29,2,candidate12,extract,1000000,32,17565209,2064199019542126336,PASS
controlled,extract,30,1,candidate12,extract,1000000,32,17619167,2064199019542126336,PASS
controlled,extract,30,2,baseline,extract,1000000,32,17516667,2064199019542126336,PASS
controlled,copy,1,1,baseline,copy,1000000,32,25308042,17858356788496716672,PASS
controlled,copy,1,2,candidate12,copy,1000000,32,27804459,17858356788496716672,PASS
controlled,copy,2,1,candidate12,copy,1000000,32,25681000,17858356788496716672,PASS
controlled,copy,2,2,baseline,copy,1000000,32,25335334,17858356788496716672,PASS
controlled,copy,3,1,baseline,copy,1000000,32,25363208,17858356788496716672,PASS
controlled,copy,3,2,candidate12,copy,1000000,32,25563167,17858356788496716672,PASS
controlled,copy,4,1,candidate12,copy,1000000,32,25636083,17858356788496716672,PASS
controlled,copy,4,2,baseline,copy,1000000,32,25471875,17858356788496716672,PASS
controlled,copy,5,1,baseline,copy,1000000,32,25313625,17858356788496716672,PASS
controlled,copy,5,2,candidate12,copy,1000000,32,25683000,17858356788496716672,PASS
controlled,copy,6,1,candidate12,copy,1000000,32,25730708,17858356788496716672,PASS
controlled,copy,6,2,baseline,copy,1000000,32,25370083,17858356788496716672,PASS
controlled,copy,7,1,baseline,copy,1000000,32,25343792,17858356788496716672,PASS
controlled,copy,7,2,candidate12,copy,1000000,32,25660292,17858356788496716672,PASS
controlled,copy,8,1,candidate12,copy,1000000,32,25627292,17858356788496716672,PASS
controlled,copy,8,2,baseline,copy,1000000,32,25268083,17858356788496716672,PASS
controlled,copy,9,1,baseline,copy,1000000,32,25312375,17858356788496716672,PASS
controlled,copy,9,2,candidate12,copy,1000000,32,25658625,17858356788496716672,PASS
controlled,copy,10,1,candidate12,copy,1000000,32,25554084,17858356788496716672,PASS
controlled,copy,10,2,baseline,copy,1000000,32,25358333,17858356788496716672,PASS
controlled,copy,11,1,baseline,copy,1000000,32,25404500,17858356788496716672,PASS
controlled,copy,11,2,candidate12,copy,1000000,32,25705958,17858356788496716672,PASS
controlled,copy,12,1,candidate12,copy,1000000,32,25679625,17858356788496716672,PASS
controlled,copy,12,2,baseline,copy,1000000,32,25276708,17858356788496716672,PASS
controlled,copy,13,1,baseline,copy,1000000,32,25378625,17858356788496716672,PASS
controlled,copy,13,2,candidate12,copy,1000000,32,25645541,17858356788496716672,PASS
controlled,copy,14,1,candidate12,copy,1000000,32,25704625,17858356788496716672,PASS
controlled,copy,14,2,baseline,copy,1000000,32,25344708,17858356788496716672,PASS
controlled,copy,15,1,baseline,copy,1000000,32,25348583,17858356788496716672,PASS
controlled,copy,15,2,candidate12,copy,1000000,32,25624958,17858356788496716672,PASS
controlled,copy,16,1,candidate12,copy,1000000,32,25670167,17858356788496716672,PASS
controlled,copy,16,2,baseline,copy,1000000,32,25379958,17858356788496716672,PASS
controlled,copy,17,1,baseline,copy,1000000,32,25237000,17858356788496716672,PASS
controlled,copy,17,2,candidate12,copy,1000000,32,25648209,17858356788496716672,PASS
controlled,copy,18,1,candidate12,copy,1000000,32,25696458,17858356788496716672,PASS
controlled,copy,18,2,baseline,copy,1000000,32,25445542,17858356788496716672,PASS
controlled,copy,19,1,baseline,copy,1000000,32,25350458,17858356788496716672,PASS
controlled,copy,19,2,candidate12,copy,1000000,32,25684084,17858356788496716672,PASS
controlled,copy,20,1,candidate12,copy,1000000,32,25638875,17858356788496716672,PASS
controlled,copy,20,2,baseline,copy,1000000,32,25230375,17858356788496716672,PASS
controlled,copy,21,1,baseline,copy,1000000,32,25380500,17858356788496716672,PASS
controlled,copy,21,2,candidate12,copy,1000000,32,25678958,17858356788496716672,PASS
controlled,copy,22,1,candidate12,copy,1000000,32,25637375,17858356788496716672,PASS
controlled,copy,22,2,baseline,copy,1000000,32,25354417,17858356788496716672,PASS
controlled,copy,23,1,baseline,copy,1000000,32,25391083,17858356788496716672,PASS
controlled,copy,23,2,candidate12,copy,1000000,32,25650958,17858356788496716672,PASS
controlled,copy,24,1,candidate12,copy,1000000,32,25715042,17858356788496716672,PASS
controlled,copy,24,2,baseline,copy,1000000,32,25332916,17858356788496716672,PASS
controlled,copy,25,1,baseline,copy,1000000,32,25332667,17858356788496716672,PASS
controlled,copy,25,2,candidate12,copy,1000000,32,25645791,17858356788496716672,PASS
controlled,copy,26,1,candidate12,copy,1000000,32,25738958,17858356788496716672,PASS
controlled,copy,26,2,baseline,copy,1000000,32,25314875,17858356788496716672,PASS
controlled,copy,27,1,baseline,copy,1000000,32,25340417,17858356788496716672,PASS
controlled,copy,27,2,candidate12,copy,1000000,32,25681000,17858356788496716672,PASS
controlled,copy,28,1,candidate12,copy,1000000,32,25714917,17858356788496716672,PASS
controlled,copy,28,2,baseline,copy,1000000,32,25352917,17858356788496716672,PASS
controlled,copy,29,1,baseline,copy,1000000,32,25353167,17858356788496716672,PASS
controlled,copy,29,2,candidate12,copy,1000000,32,25674500,17858356788496716672,PASS
controlled,copy,30,1,candidate12,copy,1000000,32,25682083,17858356788496716672,PASS
controlled,copy,30,2,baseline,copy,1000000,32,25673250,17858356788496716672,PASS
