extract,1000000,32,17654708,2064199019542126336,PASS
extract,1000000,32,16856625,2064199019542126336,PASS
extract,1000000,32,17596208,2064199019542126336,PASS
extract,1000000,32,16627166,2064199019542126336,PASS
copy,1000000,32,25252958,17858356788496716672,PASS
copy,1000000,32,25526042,17858356788496716672,PASS
copy,1000000,32,25315292,17858356788496716672,PASS
copy,1000000,32,25524667,17858356788496716672,PASS
extract,1000000,32,17577541,2064199019542126336,PASS
extract,1000000,32,17243875,2064199019542126336,PASS
extract,1000000,32,17621791,2064199019542126336,PASS
extract,1000000,32,17351125,2064199019542126336,PASS
copy,1000000,32,25355458,17858356788496716672,PASS
copy,1000000,32,25659042,17858356788496716672,PASS
copy,1000000,32,25221833,17858356788496716672,PASS
copy,1000000,32,25587666,17858356788496716672,PASS
